{
  "name": "Checkin Service",
  "dockerComposeFile": "compose.yml",
  "service": "checkin-api",
  "workspaceFolder": "/workspace",
  "shutdownAction": "stopCompose",
  
  "customizations": {
    "vscode": {
      "settings": {
        "terminal.integrated.defaultProfile.linux": "bash"
      },
      
      "extensions": [
        "ms-dotnettools.csharp",
        "ms-dotnettools.csdevkit",
        "ms-vscode.vscode-json",
        "EditorConfig.EditorConfig",
        "ms-azuretools.vscode-docker",
        "humao.rest-client",
        "SonarSource.sonarlint-vscode",
        "eamodio.gitlens"
      ]
    }
  },

  "forwardPorts": [5001, 6379, 5341],
  
  "postCreateCommand": "dotnet restore",
  
  "remoteUser": "vscode",
  
  "features": {
    "ghcr.io/devcontainers/features/dotnet:1": {
      "version": "8.0"
    },
    "ghcr.io/devcontainers/features/git:1": {},
    "ghcr.io/devcontainers/features/github-cli:1": {}
  }
}
