{
  "contacts": [
    {
      "journeyKey": "ABC123~2025-08-15~DEL~BOM~AI101",
      "phoneNumber": "+91-9876543210",
      "email": "rajesh.sharma@test.com",
      "type": "Contact"
    },
    {
      "journeyKey": "ABC123~2025-08-15~DEL~BOM~AI101",
      "phoneNumber": "+91-9876543211",
      "email": "emergency.sharma@test.com",
      "type": "Emergency"
    },
    {
      "journeyKey": "XYZ789~2025-08-16~BOM~DEL~AI202",
      "phoneNumber": "+91-8765432109",
      "email": "priya.singh@gmail.com",
      "type": "Contact"
    },
    {
      "journeyKey": "DEF456~2025-08-17~CCU~BLR~AI303",
      "phoneNumber": "+91-7654321098",
      "email": "amit.kumar@yahoo.co.in",
      "type": "Emergency"
    },
    {
      "journeyKey": "JKL012~2025-08-19~DEL~BLR~AI501",
      "phoneNumber": "+91-6543210987",
      "email": "priya.sharma@rediffmail.com",
      "type": "Contact"
    },
    {
      "journeyKey": "JKL012~2025-08-19~DEL~BLR~AI501",
      "phoneNumber": "+91-6543210988",
      "email": "emergency.sharma@rediffmail.com",
      "type": "Emergency"
    },
    {
      "journeyKey": "MNO345~2025-08-20~BOM~CHE~6E601",
      "phoneNumber": "+91-5432109876",
      "email": "rahul.kumar@hotmail.com",
      "type": "Contact"
    },
    {
      "journeyKey": "PQR678~2025-08-21~HYD~BLR~AI701",
      "phoneNumber": "+91-4433221100",
      "email": "meera.nair@gmail.com",
      "type": "Emergency"
    },
    {
      "journeyKey": "STU901~2025-08-22~COK~GOI~AI801",
      "phoneNumber": "+91-5566778899",
      "email": "rajesh.menon@yahoo.co.in",
      "type": "Contact"
    },
    {
      "journeyKey": "MUL123~2025-08-28~BOM~DEL~AI202",
      "phoneNumber": "+91-3344556677",
      "email": "anita.gupta@gmail.com",
      "type": "Emergency"
    },
    {
      "journeyKey": "RT456789~2025-08-30~DEL~CHE~AI601",
      "phoneNumber": "+91-2233445566",
      "email": "suresh.patel@rediffmail.com",
      "type": "Contact"
    },
    {
      "journeyKey": "RT456789~2025-09-05~CHE~DEL~AI701",
      "phoneNumber": "+91-1122334455",
      "email": "kavya.reddy@hotmail.com",
      "type": "Contact"
    }
  ]
}
