{
  "errors": [
    {
      "matchCriteria": {
        "pnr": "INVALID123"
      },
      "response": {
        "success": false,
        "bookingAggregate": null,
        "errorMessage": "Journey not found",
        "errorCode": "JOURNEY_NOT_FOUND"
      }
    },
    {
      "matchCriteria": {
        "pnr": "CANCELLED999"
      },
      "response": {
        "success": false,
        "bookingAggregate": null,
        "errorMessage": "Journey has been cancelled",
        "errorCode": "JOURNEY_CANCELLED"
      }
    },
    {
      "matchCriteria": {
        "pnr": "EXPIRED001"
      },
      "response": {
        "success": false,
        "bookingAggregate": null,
        "errorMessage": "Journey has expired",
        "errorCode": "JOURNEY_EXPIRED"
      }
    },
    {
      "matchCriteria": {
        "pnr": "NOTFOUND404"
      },
      "response": {
        "success": false,
        "bookingAggregate": null,
        "errorMessage": "No booking found with the provided details",
        "errorCode": "BOOKING_NOT_FOUND"
      }
    },
    {
      "matchCriteria": {
        "pnr": "MISMATCH001"
      },
      "response": {
        "success": false,
        "bookingAggregate": null,
        "errorMessage": "The provided passenger details do not match the booking",
        "errorCode": "PASSENGER_DETAILS_MISMATCH"
      }
    },
    {
      "matchCriteria": {
        "pnr": "SYSTEM500"
      },
      "response": {
        "success": false,
        "bookingAggregate": null,
        "errorMessage": "Internal system error occurred",
        "errorCode": "SYSTEM_ERROR"
      }
    }
  ],
  "defaultError": {
    "success": false,
    "bookingAggregate": null,
    "errorMessage": "Journey not found",
    "errorCode": "JOURNEY_NOT_FOUND"
  }
}
