{
  "journeys": [
    {
      "matchCriteria": {
        "pnr": "ABC123",
        "lastName": "Sharma"
      },
      "response": {
        "success": true,
        "bookingAggregate": {
          "bookingReference": "ABC123",
          "pnr": "ABC123",
          "contactLastName": "Sharma",
          "contactEmailId": "rajesh.sharma@test.com",
          "lastUpdated": "2025-08-10T10:00:00Z",
          "status": "Confirmed",
          "journeys": [
            {
              "journeyKey": "ABC123~2025-08-15~DEL~BOM~AI101",
              "flightType": "Domestic",
              "stops": 0,
              "productClass": "Economy",
              "isInternational": false,
              "isCodeshare": false,
              "checkinEligibility": {
                "status": "eligible",
                "reason": "Check-in is available"
              },
              "checkedinStatus": "None",
              "designator": {
                "destination": "BOM",
                "origin": "DEL",
                "utcArrival": "2025-08-15T12:00:00Z",
                "utcDeparture": "2025-08-15T10:30:00Z"
              },
              "passengers": [
                {
                  "passengerKey": "ABC123_P1",
                  "passengerTypeCode": "ADT",
                  "discountCode": "",
                  "extraseatTag": "",
                  "checkInStatus": 4,
                  "nationality": "IN",
                  "gender": 1,
                  "dateOfBirth": "1985-03-15",
                  "name": {
                    "first": "Rajesh",
                    "middle": "Kumar",
                    "last": "Sharma",
                    "title": "Mr"
                  },
                  "loyalty": {
                    "tier": "Silver",
                    "ffNumber": "FF123456"
                  },
                  "infant": null,
                  "seatsAndSsrs": []
                }
              ],
              "segments": [
                {
                  "segmentKey": "ABC123_S1",
                  "destination": "BOM",
                  "destinationName": "Mumbai",
                  "destinationCityName": "Mumbai",
                  "origin": "DEL",
                  "originName": "Delhi",
                  "originCityName": "New Delhi",
                  "utcArrival": "2025-08-15T12:00:00Z",
                  "utcDeparture": "2025-08-15T10:30:00Z",
                  "productClass": "Economy",
                  "isInternational": false,
                  "identifier": {
                    "identifier": "AI101",
                    "carrierCode": "AI",
                    "opSuffix": ""
                  },
                  "externalIdentifier": {
                    "identifier": "AI101",
                    "carrierCode": "AI",
                    "opSuffix": ""
                  },
                  "legInfo": [
                    {
                      "arrivalTerminal": "T2",
                      "departureTerminal": "T3",
                      "equipmentType": "A320",
                      "equipmentTypeSuffix": "",
                      "onTime": "Y",
                      "operatingCarrier": "AI",
                      "operatingFlightNumber": "AI101"
                    }
                  ]
                }
              ]
            }
          ]
        }
      }
    },
    {
      "matchCriteria": {
        "pnr": "XYZ789",
        "email": "priya.patel@test.com"
      },
      "response": {
        "success": true,
        "bookingAggregate": {
          "bookingReference": "XYZ789",
          "pnr": "XYZ789",
          "contactLastName": "Patel",
          "contactEmailId": "priya.patel@test.com",
          "lastUpdated": "2025-08-10T11:00:00Z",
          "status": "Confirmed",
          "journeys": [
            {
              "journeyKey": "XYZ789~2025-08-16~BOM~DEL~AI202",
              "flightType": "Domestic",
              "stops": 0,
              "productClass": "Economy",
              "isInternational": false,
              "isCodeshare": false,
              "checkinEligibility": {
                "status": "eligible",
                "reason": "Check-in is available"
              },
              "checkedinStatus": "None",
              "designator": {
                "destination": "DEL",
                "origin": "BOM",
                "utcArrival": "2025-08-16T15:45:00Z",
                "utcDeparture": "2025-08-16T14:15:00Z"
              },
              "passengers": [
                {
                  "passengerKey": "XYZ789_P1",
                  "passengerTypeCode": "ADT",
                  "discountCode": "",
                  "extraseatTag": "",
                  "checkInStatus": 4,
                  "nationality": "IN",
                  "gender": 2,
                  "dateOfBirth": "1990-07-22",
                  "name": {
                    "first": "Priya",
                    "middle": "",
                    "last": "Patel",
                    "title": "Ms"
                  },
                  "loyalty": {
                    "tier": "Gold",
                    "ffNumber": "FF789012"
                  },
                  "infant": null,
                  "seatsAndSsrs": []
                }
              ],
              "segments": [
                {
                  "segmentKey": "XYZ789_S1",
                  "destination": "DEL",
                  "destinationName": "Delhi",
                  "destinationCityName": "New Delhi",
                  "origin": "BOM",
                  "originName": "Mumbai",
                  "originCityName": "Mumbai",
                  "utcArrival": "2025-08-16T15:45:00Z",
                  "utcDeparture": "2025-08-16T14:15:00Z",
                  "productClass": "Economy",
                  "isInternational": false,
                  "identifier": {
                    "identifier": "AI202",
                    "carrierCode": "AI",
                    "opSuffix": ""
                  },
                  "externalIdentifier": {
                    "identifier": "AI202",
                    "carrierCode": "AI",
                    "opSuffix": ""
                  },
                  "legInfo": [
                    {
                      "arrivalTerminal": "T3",
                      "departureTerminal": "T2",
                      "equipmentType": "A320",
                      "equipmentTypeSuffix": "",
                      "onTime": "Y",
                      "operatingCarrier": "AI",
                      "operatingFlightNumber": "AI202"
                    }
                  ]
                }
              ]
            }
          ]
        }
      }
    },
    {
      "matchCriteria": {
        "pnr": "DEF456",
        "lastName": "Gupta"
      },
      "response": {
        "success": true,
        "bookingAggregate": {
          "bookingReference": "DEF456",
          "pnr": "DEF456",
          "contactLastName": "Gupta",
          "contactEmailId": "amit.gupta@test.com",
          "lastUpdated": "2025-08-10T09:30:00Z",
          "status": "CheckedIn",
          "journeys": [
            {
              "journeyKey": "DEF456~2025-08-17~CCU~BLR~AI303",
              "flightType": "Domestic",
              "stops": 0,
              "productClass": "Economy",
              "isInternational": false,
              "isCodeshare": false,
              "checkinEligibility": {
                "status": "noteligible",
                "reason": "Already checked in"
              },
              "checkedinStatus": "All",
              "designator": {
                "destination": "BLR",
                "origin": "CCU",
                "utcArrival": "2025-08-17T19:15:00Z",
                "utcDeparture": "2025-08-17T16:45:00Z"
              },
              "passengers": [
                {
                  "passengerKey": "DEF456_P1",
                  "passengerTypeCode": "ADT",
                  "discountCode": "",
                  "extraseatTag": "",
                  "checkInStatus": 1,
                  "nationality": "IN",
                  "gender": 1,
                  "dateOfBirth": "1978-11-08",
                  "name": {
                    "first": "Amit",
                    "middle": "Singh",
                    "last": "Gupta",
                    "title": "Mr"
                  },
                  "loyalty": {
                    "tier": "Bronze",
                    "ffNumber": "FF345678"
                  },
                  "infant": null,
                  "seatsAndSsrs": [
                    {
                      "segmentKey": "DEF456_S1",
                      "seats": [
                        {
                          "seatUnitDesignator": "8A",
                          "type": "Regular"
                        }
                      ],
                      "ssrs": []
                    }
                  ]
                }
              ],
              "segments": [
                {
                  "segmentKey": "DEF456_S1",
                  "destination": "BLR",
                  "destinationName": "Bangalore",
                  "destinationCityName": "Bengaluru",
                  "origin": "CCU",
                  "originName": "Kolkata",
                  "originCityName": "Kolkata",
                  "utcArrival": "2025-08-17T19:15:00Z",
                  "utcDeparture": "2025-08-17T16:45:00Z",
                  "productClass": "Economy",
                  "isInternational": false,
                  "identifier": {
                    "identifier": "AI303",
                    "carrierCode": "AI",
                    "opSuffix": ""
                  },
                  "externalIdentifier": {
                    "identifier": "AI303",
                    "carrierCode": "AI",
                    "opSuffix": ""
                  },
                  "legInfo": [
                    {
                      "arrivalTerminal": "T1",
                      "departureTerminal": "T1",
                      "equipmentType": "A320",
                      "equipmentTypeSuffix": "",
                      "onTime": "Y",
                      "operatingCarrier": "AI",
                      "operatingFlightNumber": "AI303"
                    }
                  ]
                }
              ]
            }
          ]
        }
      }
    },
    {
      "matchCriteria": {
        "pnr": "JKL012"
      },
      "response": {
        "success": true,
        "bookingAggregate": {
          "bookingReference": "JKL012",
          "pnr": "JKL012",
          "contactLastName": "Agarwal",
          "contactEmailId": "vikram.agarwal@test.com",
          "lastUpdated": "2025-08-10T12:00:00Z",
          "status": "Confirmed",
          "journeys": [
            {
              "journeyKey": "JKL012~2025-08-19~DEL~BLR~AI501",
              "flightType": "Domestic",
              "stops": 0,
              "productClass": "Business",
              "isInternational": false,
              "isCodeshare": false,
              "checkinEligibility": {
                "status": "eligible",
                "reason": "Check-in is available"
              },
              "checkedinStatus": "None",
              "designator": {
                "destination": "BLR",
                "origin": "DEL",
                "utcArrival": "2025-08-19T10:45:00Z",
                "utcDeparture": "2025-08-19T08:30:00Z"
              },
              "passengers": [
                {
                  "passengerKey": "JKL012_P1",
                  "passengerTypeCode": "ADT",
                  "discountCode": "",
                  "extraseatTag": "",
                  "checkInStatus": 4,

                  "nationality": "IN",
                  "gender": 1,
                  "dateOfBirth": "1980-12-03",
                  "name": {
                    "first": "Vikram",
                    "middle": "Raj",
                    "last": "Agarwal",
                    "title": "Mr"
                  },
                  "loyalty": {
                    "tier": "Platinum",
                    "ffNumber": "FF901234"
                  },
                  "infant": null,
                  "seatsAndSsrs": []
                }
              ],
              "segments": [
                {
                  "segmentKey": "JKL012_S1",
                  "destination": "BLR",
                  "destinationName": "Bangalore",
                  "destinationCityName": "Bengaluru",
                  "origin": "DEL",
                  "originName": "Delhi",
                  "originCityName": "New Delhi",
                  "utcArrival": "2025-08-19T10:45:00Z",
                  "utcDeparture": "2025-08-19T08:30:00Z",
                  "productClass": "Business",
                  "isInternational": false,
                  "identifier": {
                    "identifier": "AI501",
                    "carrierCode": "AI",
                    "opSuffix": ""
                  },
                  "externalIdentifier": {
                    "identifier": "AI501",
                    "carrierCode": "AI",
                    "opSuffix": ""
                  },
                  "legInfo": [
                    {
                      "arrivalTerminal": "T1",
                      "departureTerminal": "T3",
                      "equipmentType": "A321",
                      "equipmentTypeSuffix": "",
                      "onTime": "Y",
                      "operatingCarrier": "AI",
                      "operatingFlightNumber": "AI501"
                    }
                  ]
                }
              ]
            }
          ]
        }
      }
    },
    {
      "matchCriteria": {
        "pnr": "MNO345",
        "lastName": "Singh"
      },
      "response": {
        "success": true,
        "bookingAggregate": {
          "bookingReference": "MNO345",
          "pnr": "MNO345",
          "contactLastName": "Singh",
          "contactEmailId": "kavita.singh@test.com",
          "lastUpdated": "2025-08-10T13:00:00Z",
          "status": "Confirmed",
          "journeys": [
            {
              "journeyKey": "MNO345~2025-08-20~BOM~CHE~6E601",
              "flightType": "Domestic",
              "stops": 0,
              "productClass": "Economy",
              "isInternational": false,
              "isCodeshare": true,
              "checkinEligibility": {
                "status": "eligible",
                "reason": "Check-in is available"
              },
              "checkedinStatus": "None",
              "designator": {
                "destination": "CHE",
                "origin": "BOM",
                "utcArrival": "2025-08-20T16:20:00Z",
                "utcDeparture": "2025-08-20T14:15:00Z"
              },
              "passengers": [
                {
                  "passengerKey": "MNO345_P1",
                  "passengerTypeCode": "ADT",
                  "discountCode": "",
                  "extraseatTag": "",
                  "checkInStatus": 4,

                  "nationality": "IN",
                  "gender": 2,
                  "dateOfBirth": "1988-09-17",
                  "name": {
                    "first": "Kavita",
                    "middle": "",
                    "last": "Singh",
                    "title": "Ms"
                  },
                  "loyalty": {
                    "tier": "Gold",
                    "ffNumber": "FF567890"
                  },
                  "infant": null,
                  "seatsAndSsrs": []
                }
              ],
              "segments": [
                {
                  "segmentKey": "MNO345_S1",
                  "destination": "CHE",
                  "destinationName": "Chennai",
                  "destinationCityName": "Chennai",
                  "origin": "BOM",
                  "originName": "Mumbai",
                  "originCityName": "Mumbai",
                  "utcArrival": "2025-08-20T16:20:00Z",
                  "utcDeparture": "2025-08-20T14:15:00Z",
                  "productClass": "Economy",
                  "isInternational": false,
                  "identifier": {
                    "identifier": "6E601",
                    "carrierCode": "6E",
                    "opSuffix": ""
                  },
                  "externalIdentifier": {
                    "identifier": "6E601",
                    "carrierCode": "6E",
                    "opSuffix": ""
                  },
                  "legInfo": [
                    {
                      "arrivalTerminal": "T1",
                      "departureTerminal": "T1",
                      "equipmentType": "A320",
                      "equipmentTypeSuffix": "",
                      "onTime": "Y",
                      "operatingCarrier": "6E",
                      "operatingFlightNumber": "6E601"
                    }
                  ]
                }
              ]
            }
          ]
        }
      }
    },
    {
      "matchCriteria": {
        "pnr": "PQR678",
        "email": "arjun.reddy@test.com"
      },
      "response": {
        "success": true,
        "bookingAggregate": {
          "bookingReference": "PQR678",
          "pnr": "PQR678",
          "contactLastName": "Reddy",
          "contactEmailId": "arjun.reddy@test.com",
          "lastUpdated": "2025-08-10T14:00:00Z",
          "status": "Confirmed",
          "journeys": [
            {
              "journeyKey": "PQR678~2025-08-21~HYD~BLR~AI701",
              "flightType": "Domestic",
              "stops": 1,
              "productClass": "Economy",
              "isInternational": false,
              "isCodeshare": false,
              "checkinEligibility": {
                "status": "eligible",
                "reason": "Check-in is available"
              },
              "checkedinStatus": "None",
              "designator": {
                "destination": "PUN",
                "origin": "HYD",
                "utcArrival": "2025-08-21T18:45:00Z",
                "utcDeparture": "2025-08-21T11:15:00Z"
              },
              "passengers": [
                {
                  "passengerKey": "PQR678_P1",
                  "passengerTypeCode": "ADT",
                  "discountCode": "",
                  "extraseatTag": "",
                  "checkInStatus": 4,

                  "nationality": "IN",
                  "gender": 1,
                  "dateOfBirth": "1987-04-25",
                  "name": {
                    "first": "Arjun",
                    "middle": "",
                    "last": "Reddy",
                    "title": "Mr"
                  },
                  "loyalty": {
                    "tier": "Silver",
                    "ffNumber": "FF234567"
                  },
                  "infant": null,
                  "seatsAndSsrs": []
                }
              ],
              "segments": [
                {
                  "segmentKey": "PQR678_S1",
                  "destination": "BLR",
                  "destinationName": "Bangalore",
                  "destinationCityName": "Bengaluru",
                  "origin": "HYD",
                  "originName": "Hyderabad",
                  "originCityName": "Hyderabad",
                  "utcArrival": "2025-08-21T12:30:00Z",
                  "utcDeparture": "2025-08-21T11:15:00Z",
                  "productClass": "Economy",
                  "isInternational": false,
                  "identifier": {
                    "identifier": "AI701",
                    "carrierCode": "AI",
                    "opSuffix": ""
                  },
                  "externalIdentifier": {
                    "identifier": "AI701",
                    "carrierCode": "AI",
                    "opSuffix": ""
                  },
                  "legInfo": [
                    {
                      "arrivalTerminal": "T1",
                      "departureTerminal": "T1",
                      "equipmentType": "A320",
                      "equipmentTypeSuffix": "",
                      "onTime": "Y",
                      "operatingCarrier": "AI",
                      "operatingFlightNumber": "AI701"
                    }
                  ]
                },
                {
                  "segmentKey": "PQR678_S2",
                  "destination": "PUN",
                  "destinationName": "Pune",
                  "destinationCityName": "Pune",
                  "origin": "BLR",
                  "originName": "Bangalore",
                  "originCityName": "Bengaluru",
                  "utcArrival": "2025-08-21T18:45:00Z",
                  "utcDeparture": "2025-08-21T17:00:00Z",
                  "productClass": "Economy",
                  "isInternational": false,
                  "identifier": {
                    "identifier": "AI702",
                    "carrierCode": "AI",
                    "opSuffix": ""
                  },
                  "externalIdentifier": {
                    "identifier": "AI702",
                    "carrierCode": "AI",
                    "opSuffix": ""
                  },
                  "legInfo": [
                    {
                      "arrivalTerminal": "T1",
                      "departureTerminal": "T1",
                      "equipmentType": "A320",
                      "equipmentTypeSuffix": "",
                      "onTime": "Y",
                      "operatingCarrier": "AI",
                      "operatingFlightNumber": "AI702"
                    }
                  ]
                }
              ]
            }
          ]
        }
      }
    },
    {
      "matchCriteria": {
        "pnr": "STU901",
        "lastName": "Iyer"
      },
      "response": {
        "success": true,
        "bookingAggregate": {
          "bookingReference": "STU901",
          "pnr": "STU901",
          "contactLastName": "Iyer",
          "contactEmailId": "meera.iyer@test.com",
          "lastUpdated": "2025-08-10T15:00:00Z",
          "status": "Confirmed",
          "journeys": [
            {
              "journeyKey": "STU901~2025-08-22~COK~GOI~AI801",
              "flightType": "Domestic",
              "stops": 0,
              "productClass": "Economy",
              "isInternational": false,
              "isCodeshare": false,
              "checkinEligibility": {
                "status": "schedule",
                "reason": "Check-in not yet open"
              },
              "checkedinStatus": "None",
              "designator": {
                "destination": "GOI",
                "origin": "COK",
                "utcArrival": "2025-08-22T20:30:00Z",
                "utcDeparture": "2025-08-22T19:45:00Z"
              },
              "passengers": [
                {
                  "passengerKey": "STU901_P1",
                  "passengerTypeCode": "ADT",
                  "discountCode": "",
                  "extraseatTag": "",
                  "checkInStatus": 4,

                  "nationality": "IN",
                  "gender": 2,
                  "dateOfBirth": "1995-02-10",
                  "name": {
                    "first": "Meera",
                    "middle": "",
                    "last": "Iyer",
                    "title": "Ms"
                  },
                  "loyalty": {
                    "tier": "Bronze",
                    "ffNumber": "FF890123"
                  },
                  "infant": null,
                  "seatsAndSsrs": []
                }
              ],
              "segments": [
                {
                  "segmentKey": "STU901_S1",
                  "destination": "GOI",
                  "destinationName": "Goa",
                  "destinationCityName": "Goa",
                  "origin": "COK",
                  "originName": "Kochi",
                  "originCityName": "Kochi",
                  "utcArrival": "2025-08-22T20:30:00Z",
                  "utcDeparture": "2025-08-22T19:45:00Z",
                  "productClass": "Economy",
                  "isInternational": false,
                  "identifier": {
                    "identifier": "AI801",
                    "carrierCode": "AI",
                    "opSuffix": ""
                  },
                  "externalIdentifier": {
                    "identifier": "AI801",
                    "carrierCode": "AI",
                    "opSuffix": ""
                  },
                  "legInfo": [
                    {
                      "arrivalTerminal": "T1",
                      "departureTerminal": "T3",
                      "equipmentType": "A320",
                      "equipmentTypeSuffix": "",
                      "onTime": "Y",
                      "operatingCarrier": "AI",
                      "operatingFlightNumber": "AI801"
                    }
                  ]
                }
              ]
            }
          ]
        }
      }
    },
    {
      "matchCriteria": {
        "bookingReference": "ABC123"
      },
      "response": {
        "success": true,
        "bookingAggregate": {
          "bookingReference": "ABC123",
          "pnr": "ABC123",
          "contactLastName": "Sharma",
          "contactEmailId": "rajesh.sharma@test.com",
          "lastUpdated": "2025-08-10T10:00:00Z",
          "status": "Confirmed",
          "journeys": [
            {
              "journeyKey": "ABC123~2025-08-15~DEL~BOM~AI101",
              "flightType": "Domestic",
              "stops": 0,
              "productClass": "Economy",
              "isInternational": false,
              "isCodeshare": false,
              "checkinEligibility": {
                "status": "eligible",
                "reason": "Check-in is available"
              },
              "checkedinStatus": "None",
              "designator": {
                "destination": "BOM",
                "origin": "DEL",
                "utcArrival": "2025-08-15T12:00:00Z",
                "utcDeparture": "2025-08-15T10:30:00Z"
              },
              "passengers": [
                {
                  "passengerKey": "ABC123_P1",
                  "passengerTypeCode": "ADT",
                  "discountCode": "",
                  "extraseatTag": "",
                  "checkInStatus": 4,

                  "nationality": "IN",
                  "gender": 1,
                  "dateOfBirth": "1985-03-15",
                  "name": {
                    "first": "Rajesh",
                    "middle": "Kumar",
                    "last": "Sharma",
                    "title": "Mr"
                  },
                  "loyalty": {
                    "tier": "Silver",
                    "ffNumber": "FF123456"
                  },
                  "infant": null,
                  "seatsAndSsrs": []
                }
              ],
              "segments": [
                {
                  "segmentKey": "ABC123_S1",
                  "destination": "BOM",
                  "destinationName": "Mumbai",
                  "destinationCityName": "Mumbai",
                  "origin": "DEL",
                  "originName": "Delhi",
                  "originCityName": "New Delhi",
                  "utcArrival": "2025-08-15T12:00:00Z",
                  "utcDeparture": "2025-08-15T10:30:00Z",
                  "productClass": "Economy",
                  "isInternational": false,
                  "identifier": {
                    "identifier": "AI101",
                    "carrierCode": "AI",
                    "opSuffix": ""
                  },
                  "externalIdentifier": {
                    "identifier": "AI101",
                    "carrierCode": "AI",
                    "opSuffix": ""
                  },
                  "legInfo": [
                    {
                      "arrivalTerminal": "T2",
                      "departureTerminal": "T3",
                      "equipmentType": "A320",
                      "equipmentTypeSuffix": "",
                      "onTime": "Y",
                      "operatingCarrier": "AI",
                      "operatingFlightNumber": "AI101"
                    }
                  ]
                }
              ]
            }
          ]
        }
      }
    },
    {
      "matchCriteria": {
        "bookingReference": "JKL012"
      },
      "response": {
        "success": true,
        "bookingAggregate": {
          "bookingReference": "JKL012",
          "pnr": "JKL012",
          "contactLastName": "Agarwal",
          "contactEmailId": "vikram.agarwal@test.com",
          "lastUpdated": "2025-08-10T12:00:00Z",
          "status": "Confirmed",
          "journeys": [
            {
              "journeyKey": "JKL012~2025-08-19~DEL~BLR~AI501",
              "flightType": "Domestic",
              "stops": 0,
              "productClass": "Business",
              "isInternational": false,
              "isCodeshare": false,
              "checkinEligibility": {
                "status": "eligible",
                "reason": "Check-in is available"
              },
              "checkedinStatus": "None",
              "designator": {
                "destination": "BLR",
                "origin": "DEL",
                "utcArrival": "2025-08-19T10:45:00Z",
                "utcDeparture": "2025-08-19T08:30:00Z"
              },
              "passengers": [
                {
                  "passengerKey": "JKL012_P1",
                  "passengerTypeCode": "ADT",
                  "discountCode": "",
                  "extraseatTag": "",
                  "checkInStatus": 4,

                  "nationality": "IN",
                  "gender": 1,
                  "dateOfBirth": "1980-12-03",
                  "name": {
                    "first": "Vikram",
                    "middle": "Raj",
                    "last": "Agarwal",
                    "title": "Mr"
                  },
                  "loyalty": {
                    "tier": "Platinum",
                    "ffNumber": "FF901234"
                  },
                  "infant": null,
                  "seatsAndSsrs": []
                }
              ],
              "segments": [
                {
                  "segmentKey": "JKL012_S1",
                  "destination": "BLR",
                  "destinationName": "Bangalore",
                  "destinationCityName": "Bengaluru",
                  "origin": "DEL",
                  "originName": "Delhi",
                  "originCityName": "New Delhi",
                  "utcArrival": "2025-08-19T10:45:00Z",
                  "utcDeparture": "2025-08-19T08:30:00Z",
                  "productClass": "Business",
                  "isInternational": false,
                  "identifier": {
                    "identifier": "AI501",
                    "carrierCode": "AI",
                    "opSuffix": ""
                  },
                  "externalIdentifier": {
                    "identifier": "AI501",
                    "carrierCode": "AI",
                    "opSuffix": ""
                  },
                  "legInfo": [
                    {
                      "arrivalTerminal": "T1",
                      "departureTerminal": "T3",
                      "equipmentType": "A321",
                      "equipmentTypeSuffix": "",
                      "onTime": "Y",
                      "operatingCarrier": "AI",
                      "operatingFlightNumber": "AI501"
                    }
                  ]
                }
              ]
            }
          ]
        }
      }
    },
    {
      "matchCriteria": {
        "pnr": "MUL123",
        "lastName": "Kumar"
      },
      "response": {
        "success": true,
        "bookingAggregate": {
          "bookingReference": "MUL123",
          "pnr": "MUL123",
          "contactLastName": "Kumar",
          "contactEmailId": "rahul.kumar@test.com",
          "lastUpdated": "2025-08-10T16:00:00Z",
          "status": "Confirmed",
          "journeys": [
            {
              "journeyKey": "ABC123~2025-08-15~DEL~BOM~AI101",
              "flightType": "Domestic",
              "stops": 0,
              "productClass": "Economy",
              "isInternational": false,
              "isCodeshare": false,
              "checkinEligibility": {
                "status": "eligible",
                "reason": "Check-in is available"
              },
              "checkedinStatus": "None",
              "designator": {
                "destination": "BOM",
                "origin": "DEL",
                "utcArrival": "2025-08-25T12:00:00Z",
                "utcDeparture": "2025-08-25T10:30:00Z"
              },
              "passengers": [
                {
                  "passengerKey": "MUL123_P1",
                  "passengerTypeCode": "ADT",
                  "discountCode": "",
                  "extraseatTag": "",
                  "checkInStatus": 4,
                  "nationality": "IN",
                  "gender": 1,
                  "dateOfBirth": "1985-06-10",
                  "name": {
                    "first": "Rahul",
                    "middle": "Dev",
                    "last": "Kumar",
                    "title": "Mr"
                  },
                  "loyalty": {
                    "tier": "Gold",
                    "ffNumber": "FF456789"
                  },
                  "infant": null,
                  "seatsAndSsrs": []
                },
                {
                  "passengerKey": "MUL123_P2",
                  "passengerTypeCode": "ADT",
                  "discountCode": "",
                  "extraseatTag": "",
                  "checkInStatus": 4,

                  "nationality": "IN",
                  "gender": 2,
                  "dateOfBirth": "1987-04-15",
                  "name": {
                    "first": "Sneha",
                    "middle": "",
                    "last": "Kumar",
                    "title": "Mrs"
                  },
                  "loyalty": {
                    "tier": "Silver",
                    "ffNumber": "FF456790"
                  },
                  "infant": null,
                  "seatsAndSsrs": []
                }
              ],
              "segments": [
                {
                  "segmentKey": "MUL123_S1",
                  "destination": "BOM",
                  "destinationName": "Mumbai",
                  "destinationCityName": "Mumbai",
                  "origin": "DEL",
                  "originName": "Delhi",
                  "originCityName": "New Delhi",
                  "utcArrival": "2025-08-25T12:00:00Z",
                  "utcDeparture": "2025-08-25T10:30:00Z",
                  "productClass": "Economy",
                  "isInternational": false,
                  "identifier": {
                    "identifier": "AI101",
                    "carrierCode": "AI",
                    "opSuffix": ""
                  },
                  "externalIdentifier": {
                    "identifier": "AI101",
                    "carrierCode": "AI",
                    "opSuffix": ""
                  },
                  "legInfo": [
                    {
                      "arrivalTerminal": "T2",
                      "departureTerminal": "T3",
                      "equipmentType": "A320",
                      "equipmentTypeSuffix": "",
                      "onTime": "Y",
                      "operatingCarrier": "AI",
                      "operatingFlightNumber": "AI101"
                    }
                  ]
                }
              ]
            },
            {
              "journeyKey": "MUL123~2025-08-28~BOM~DEL~AI202",
              "flightType": "Domestic",
              "stops": 0,
              "productClass": "Economy",
              "isInternational": false,
              "isCodeshare": false,
              "checkinEligibility": {
                "status": "schedule",
                "reason": "Check-in not yet open"
              },
              "checkedinStatus": "None",
              "designator": {
                "destination": "DEL",
                "origin": "BOM",
                "utcArrival": "2025-08-28T15:45:00Z",
                "utcDeparture": "2025-08-28T14:15:00Z"
              },
              "passengers": [
                {
                  "passengerKey": "MUL123_P1",
                  "passengerTypeCode": "ADT",
                  "discountCode": "",
                  "extraseatTag": "",
                  "checkInStatus": 4,

                  "nationality": "IN",
                  "gender": 1,
                  "dateOfBirth": "1985-06-10",
                  "name": {
                    "first": "Rahul",
                    "middle": "Dev",
                    "last": "Kumar",
                    "title": "Mr"
                  },
                  "loyalty": {
                    "tier": "Gold",
                    "ffNumber": "FF456789"
                  },
                  "infant": null,
                  "seatsAndSsrs": []
                },
                {
                  "passengerKey": "MUL123_P2",
                  "passengerTypeCode": "ADT",
                  "discountCode": "",
                  "extraseatTag": "",
                  "checkInStatus": 4,

                  "nationality": "IN",
                  "gender": 2,
                  "dateOfBirth": "1987-04-15",
                  "name": {
                    "first": "Sneha",
                    "middle": "",
                    "last": "Kumar",
                    "title": "Mrs"
                  },
                  "loyalty": {
                    "tier": "Silver",
                    "ffNumber": "FF456790"
                  },
                  "infant": null,
                  "seatsAndSsrs": []
                }
              ],
              "segments": [
                {
                  "segmentKey": "MUL123_S2",
                  "destination": "DEL",
                  "destinationName": "Delhi",
                  "destinationCityName": "New Delhi",
                  "origin": "BOM",
                  "originName": "Mumbai",
                  "originCityName": "Mumbai",
                  "utcArrival": "2025-08-28T15:45:00Z",
                  "utcDeparture": "2025-08-28T14:15:00Z",
                  "productClass": "Economy",
                  "isInternational": false,
                  "identifier": {
                    "identifier": "AI202",
                    "carrierCode": "AI",
                    "opSuffix": ""
                  },
                  "externalIdentifier": {
                    "identifier": "AI202",
                    "carrierCode": "AI",
                    "opSuffix": ""
                  },
                  "legInfo": [
                    {
                      "arrivalTerminal": "T3",
                      "departureTerminal": "T2",
                      "equipmentType": "A320",
                      "equipmentTypeSuffix": "",
                      "onTime": "Y",
                      "operatingCarrier": "AI",
                      "operatingFlightNumber": "AI202"
                    }
                  ]
                }
              ]
            }
          ]
        }
      }
    },
    {
      "matchCriteria": {
        "bookingReference": "RT456789"
      },
      "response": {
        "success": true,
        "bookingAggregate": {
          "bookingReference": "RT456789",
          "pnr": "RT456789",
          "contactLastName": "Verma",
          "contactEmailId": "suresh.verma@test.com",
          "lastUpdated": "2025-08-10T17:00:00Z",
          "status": "Confirmed",
          "journeys": [
            {
              "journeyKey": "RT456789~2025-08-30~DEL~CHE~AI601",
              "flightType": "Domestic",
              "stops": 1,
              "productClass": "Economy",
              "isInternational": false,
              "isCodeshare": false,
              "checkinEligibility": {
                "status": "eligible",
                "reason": "Check-in is available"
              },
              "checkedinStatus": "None",
              "designator": {
                "destination": "CHE",
                "origin": "DEL",
                "utcArrival": "2025-08-30T18:30:00Z",
                "utcDeparture": "2025-08-30T08:00:00Z"
              },
              "passengers": [
                {
                  "passengerKey": "RT456789_P1",
                  "passengerTypeCode": "ADT",
                  "discountCode": "",
                  "extraseatTag": "",
                  "checkInStatus": 4,

                  "nationality": "IN",
                  "gender": 1,
                  "dateOfBirth": "1975-09-20",
                  "name": {
                    "first": "Suresh",
                    "middle": "Chandra",
                    "last": "Verma",
                    "title": "Mr"
                  },
                  "loyalty": {
                    "tier": "Platinum",
                    "ffNumber": "FF987654"
                  },
                  "infant": null,
                  "seatsAndSsrs": []
                }
              ],
              "segments": [
                {
                  "segmentKey": "RT456789_S1",
                  "destination": "BLR",
                  "destinationName": "Bangalore",
                  "destinationCityName": "Bengaluru",
                  "origin": "DEL",
                  "originName": "Delhi",
                  "originCityName": "New Delhi",
                  "utcArrival": "2025-08-30T11:00:00Z",
                  "utcDeparture": "2025-08-30T08:00:00Z",
                  "productClass": "Economy",
                  "isInternational": false,
                  "identifier": {
                    "identifier": "AI601",
                    "carrierCode": "AI",
                    "opSuffix": ""
                  },
                  "externalIdentifier": {
                    "identifier": "AI601",
                    "carrierCode": "AI",
                    "opSuffix": ""
                  },
                  "legInfo": [
                    {
                      "arrivalTerminal": "T1",
                      "departureTerminal": "T3",
                      "equipmentType": "A320",
                      "equipmentTypeSuffix": "",
                      "onTime": "Y",
                      "operatingCarrier": "AI",
                      "operatingFlightNumber": "AI601"
                    }
                  ]
                },
                {
                  "segmentKey": "RT456789_S2",
                  "destination": "CHE",
                  "destinationName": "Chennai",
                  "destinationCityName": "Chennai",
                  "origin": "BLR",
                  "originName": "Bangalore",
                  "originCityName": "Bengaluru",
                  "utcArrival": "2025-08-30T18:30:00Z",
                  "utcDeparture": "2025-08-30T16:15:00Z",
                  "productClass": "Economy",
                  "isInternational": false,
                  "identifier": {
                    "identifier": "AI602",
                    "carrierCode": "AI",
                    "opSuffix": ""
                  },
                  "externalIdentifier": {
                    "identifier": "AI602",
                    "carrierCode": "AI",
                    "opSuffix": ""
                  },
                  "legInfo": [
                    {
                      "arrivalTerminal": "T1",
                      "departureTerminal": "T1",
                      "equipmentType": "A320",
                      "equipmentTypeSuffix": "",
                      "onTime": "Y",
                      "operatingCarrier": "AI",
                      "operatingFlightNumber": "AI602"
                    }
                  ]
                }
              ]
            },
            {
              "journeyKey": "RT456789~2025-09-05~CHE~DEL~AI701",
              "flightType": "Domestic",
              "stops": 0,
              "productClass": "Economy",
              "isInternational": false,
              "isCodeshare": false,
              "checkinEligibility": {
                "status": "schedule",
                "reason": "Check-in not yet open"
              },
              "checkedinStatus": "None",
              "designator": {
                "destination": "DEL",
                "origin": "CHE",
                "utcArrival": "2025-09-05T22:45:00Z",
                "utcDeparture": "2025-09-05T20:30:00Z"
              },
              "passengers": [
                {
                  "passengerKey": "RT456789_P1",
                  "passengerTypeCode": "ADT",
                  "discountCode": "",
                  "extraseatTag": "",
                  "checkInStatus": 4,

                  "nationality": "IN",
                  "gender": 1,
                  "dateOfBirth": "1975-09-20",
                  "name": {
                    "first": "Suresh",
                    "middle": "Chandra",
                    "last": "Verma",
                    "title": "Mr"
                  },
                  "loyalty": {
                    "tier": "Platinum",
                    "ffNumber": "FF987654"
                  },
                  "infant": null,
                  "seatsAndSsrs": []
                }
              ],
              "segments": [
                {
                  "segmentKey": "RT456789_S3",
                  "destination": "DEL",
                  "destinationName": "Delhi",
                  "destinationCityName": "New Delhi",
                  "origin": "CHE",
                  "originName": "Chennai",
                  "originCityName": "Chennai",
                  "utcArrival": "2025-09-05T22:45:00Z",
                  "utcDeparture": "2025-09-05T20:30:00Z",
                  "productClass": "Economy",
                  "isInternational": false,
                  "identifier": {
                    "identifier": "AI701",
                    "carrierCode": "AI",
                    "opSuffix": ""
                  },
                  "externalIdentifier": {
                    "identifier": "AI701",
                    "carrierCode": "AI",
                    "opSuffix": ""
                  },
                  "legInfo": [
                    {
                      "arrivalTerminal": "T3",
                      "departureTerminal": "T1",
                      "equipmentType": "A321",
                      "equipmentTypeSuffix": "",
                      "onTime": "Y",
                      "operatingCarrier": "AI",
                      "operatingFlightNumber": "AI701"
                    }
                  ]
                }
              ]
            }
          ]
        }
      }
    },
    {
      "matchCriteria": {
        "pnr": "INF123",
        "lastName": "Kapoor"
      },
      "response": {
        "success": true,
        "bookingAggregate": {
          "bookingReference": "INF123",
          "pnr": "INF123",
          "contactLastName": "Kapoor",
          "contactEmailId": "karan.kapoor@test.com",
          "lastUpdated": "2025-08-10T18:00:00Z",
          "status": "Confirmed",
          "journeys": [
            {
              "journeyKey": "INF123~2025-08-25~BOM~GOI~6E801",
              "flightType": "Domestic",
              "stops": 0,
              "productClass": "Economy",
              "isInternational": false,
              "isCodeshare": false,
              "checkinEligibility": {
                "status": "eligible",
                "reason": "Check-in is available"
              },
              "checkedinStatus": "None",
              "designator": {
                "destination": "GOI",
                "origin": "BOM",
                "utcArrival": "2025-08-25T21:15:00Z",
                "utcDeparture": "2025-08-25T20:30:00Z"
              },
              "passengers": [
                {
                  "passengerKey": "INF123_P1",
                  "passengerTypeCode": "ADT",
                  "discountCode": "",
                  "extraseatTag": "",
                  "checkInStatus": 4,
                  "nationality": "IN",
                  "gender": 2,
                  "dateOfBirth": "1992-08-15",
                  "name": {
                    "first": "Kara",
                    "middle": "",
                    "last": "Kapoor",
                    "title": "Mr"
                  },
                  "loyalty": {
                    "tier": "Gold",
                    "ffNumber": "FF654321"
                  },
                  "infant": {
                    "name": {
                      "first": "Isha",
                      "middle": "",
                      "last": "Kapoor",
                      "title": ""
                    },
                    "dateOfBirth": "2024-05-20",
                    "gender": "2",
                    "residentCountry": "IN"
                  },
                  "seatsAndSsrs": []
                }
              ],
              "segments": [
                {
                  "segmentKey": "INF123_S1",
                  "destination": "GOI",
                  "destinationName": "Goa",
                  "destinationCityName": "Goa",
                  "origin": "BOM",
                  "originName": "Mumbai",
                  "originCityName": "Mumbai",
                  "utcArrival": "2025-08-25T21:15:00Z",
                  "utcDeparture": "2025-08-25T20:30:00Z",
                  "productClass": "Economy",
                  "isInternational": false,
                  "identifier": {
                    "identifier": "6E801",
                    "carrierCode": "6E",
                    "opSuffix": ""
                  },
                  "externalIdentifier": {
                    "identifier": "6E801",
                    "carrierCode": "6E",
                    "opSuffix": ""
                  },
                  "legInfo": [
                    {
                      "arrivalTerminal": "T1",
                      "departureTerminal": "T2",
                      "equipmentType": "A320",
                      "equipmentTypeSuffix": "",
                      "onTime": "Y",
                      "operatingCarrier": "6E",
                      "operatingFlightNumber": "6E801"
                    }
                  ]
                }
              ]
            }
          ]
        }
      }
    }
  ]
}

