{
  "name": "Journey Service",
  "dockerComposeFile": "../compose.yml",
  "service": "journey-service",
  "workspaceFolder": "/workspaces/journey-service",
  "features": {
    "ghcr.io/devcontainers/features/dotnet:2": {
      "version": "8.0"
    },
    "ghcr.io/devcontainers/features/docker-in-docker:2": {}
  },
  "customizations": {
    "vscode": {
      "extensions": [
        "ms-dotnettools.csharp",
        "ms-dotnettools.csdevkit",
        "ms-vscode.vscode-json",
        "redhat.vscode-yaml",
        "ms-vscode.docker",
        "humao.rest-client"
      ],
      "settings": {
        "dotnet.completion.showCompletionItemsFromUnimportedNamespaces": true,
        "dotnet.server.useOmnisharp": false,
        "files.exclude": {
          "**/bin": true,
          "**/obj": true
        }
      }
    }
  },
  "forwardPorts": [5003, 6379, 5341, 8082],
  "postCreateCommand": "dotnet restore",
  "postStartCommand": "dotnet build",
  "remoteUser": "vscode"
}
